{
  "connections": {
    "1": {
      "25": 56.64803615307419,
      "53": 45.12482686947397
    },
    "2": {
      "26": 55.664171600770274,
      "54": 49.175705383857995
    },
    "3": {
      "54": 34.44198019858905,
      "55": 25.004999500099974
    },
    "4": {
      "53": 47.468410548490034,
      "94": 39.56008088970496
    },
    "5": {
      "56": 10.062305898749054,
      "94": 23.853720883753127,
      "97": 26.40075756488817
    },
    "6": {
      "48": 87.44855630597911,
      "57": 95.98567601470545
    },
    "7": {
      "58": 101.34224193296693,
      "81": 100.016248679902
    },
    "8": {
      "87": 37.51333096380539,
      "88": 34.35476677260377
    },
    "9": {
      "67": 73.34337052522197,
      "86": 55.9128786595718
    },
    "10": {
      "89": 68.30995535059293,
      "90": 54.12254613375095
    },
    "11": {
      "58": 41.96724913548659,
      "91": 44.746508243660756
    },
    "12": {
      "74": 48.93107397145499,
      "75": 57.716981903075975
    },
    "13": {
      "59": 45.31004303683677,
      "79": 53.48831648126533
    },
    "14": {
      "59": 26.570660511172846,
      "60": 23.40939982143925
    },
    "15": {
      "60": 38.01315561749642,
      "63": 45.221676218380054
    },
    "16": {
      "63": 49.49747468305833,
      "65": 46.75467891024384
    },
    "17": {
      "63": 45.221676218380054,
      "64": 38.897300677553446
    },
    "18": {
      "40": 58.034472514187634,
      "64": 46.010868281309364
    },
    "19": {
      "61": 63.15853069855251,
      "63": 58.83026432033091
    },
    "20": {
      "68": 57.28001396647874,
      "69": 45.5411901469428
    },
    "21": {
      "69": 32.89376840679705,
      "70": 31.38470965295043
    },
    "22": {
      "70": 42.05948168962618,
      "71": 40.718546143004666
    },
    "23": {
      "71": 44.294469180700204,
      "80": 40.311288741492746
    },
    "24": {
      "55": 20.615528128088304,
      "80": 20.615528128088304
    },
    "25": {
      "1": 56.64803615307419
    },
    "26": {
      "2": 55.664171600770274
    },
    "27": {
      "62": 35.4682957019364
    },
    "28": {
      "56": 12
    },
    "29": {
      "73": 11.045361017187261
    },
    "30": {
      "74": 12.649110640673518
    },
    "31": {
      "59": 19.235384061671343
    },
    "32": {
      "62": 19.4164878389476
    },
    "33": {
      "78": 27.313000567495326
    },
    "34": {
      "60": 29.546573405388315,
      "92": 66.21933252457322
    },
    "35": {
      "61": 27.85677655436824,
      "92": 63.90618123468183
    },
    "36": {
      "61": 72.2357252334328
    },
    "37": {
      "64": 30.4138126514911
    },
    "38": {
      "39": 84.15461959987698,
      "61": 31.622776601683793
    },
    "39": {
      "38": 84.15461959987698,
      "83": 25.495097567963924
    },
    "40": {
      "18": 58.034472514187634,
      "82": 7.0710678118654755
    },
    "41": {
      "83": 20.396078054371138,
      "93": 18.439088914585774
    },
    "42": {
      "65": 32.2490309931942
    },
    "43": {
      "66": 19.697715603592208
    },
    "44": {
      "67": 16.1245154965971
    },
    "45": {
      "68": 17.46424919657298
    },
    "46": {
      "69": 11.704699910719626
    },
    "47": {
      "71": 11.313708498984761
    },
    "48": {
      "6": 87.44855630597911,
      "49": 117.38824472663352,
      "51": 92.66067126888301
    },
    "49": {
      "48": 117.38824472663352,
      "50": 81.70679286326198,
      "81": 34.17601498127012,
      "88": 34.713109915419565
    },
    "50": {
      "49": 81.70679286326198,
      "51": 106.06601717798213,
      "85": 33.52610922848042,
      "87": 34
    },
    "51": {
      "48": 92.66067126888301,
      "50": 106.06601717798213,
      "84": 29.154759474226502
    },
    "52": {
      "80": 14.422205101855956
    },
    "53": {
      "1": 45.12482686947397,
      "4": 47.468410548490034,
      "99": 10.965856099730654
    },
    "54": {
      "2": 49.175705383857995,
      "3": 34.44198019858905,
      "99": 15.041608956491324
    },
    "55": {
      "3": 25.004999500099974,
      "24": 20.615528128088304,
      "97": 22.610838109190027,
      "98": 21.360009363293827
    },
    "56": {
      "5": 10.062305898749054,
      "28": 12,
      "57": 35.84689665786984,
      "94": 16.00781059358212
    },
    "57": {
      "6": 95.98567601470545,
      "56": 35.84689665786984,
      "89": 125.63439019631528
    },
    "58": {
      "7": 101.34224193296693,
      "11": 41.96724913548659,
      "74": 17.08800749063506
    },
    "59": {
      "13": 45.31004303683677,
      "14": 26.570660511172846,
      "31": 19.235384061671343
    },
    "60": {
      "14": 23.40939982143925,
      "15": 38.01315561749642,
      "34": 29.546573405388315,
      "62": 25.079872407968907
    },
    "61": {
      "19": 63.15853069855251,
      "35": 27.85677655436824,
      "36": 72.2357252334328,
      "38": 31.622776601683793
    },
    "62": {
      "27": 35.4682957019364,
      "32": 19.4164878389476,
      "60": 25.079872407968907
    },
    "63": {
      "15": 45.221676218380054,
      "16": 49.49747468305833,
      "17": 45.221676218380054,
      "19": 58.83026432033091
    },
    "64": {
      "17": 38.897300677553446,
      "18": 46.010868281309364,
      "37": 30.4138126514911
    },
    "65": {
      "16": 46.75467891024384,
      "42": 32.2490309931942,
      "66": 57.245087125446844
    },
    "66": {
      "43": 19.697715603592208,
      "65": 57.245087125446844,
      "86": 29.154759474226502
    },
    "67": {
      "9": 73.34337052522197,
      "44": 16.1245154965971,
      "84": 11.180339887498949
    },
    "68": {
      "20": 57.28001396647874,
      "45": 17.46424919657298,
      "84": 43.829214001622255
    },
    "69": {
      "20": 45.5411901469428,
      "21": 32.89376840679705,
      "46": 11.704699910719626
    },
    "70": {
      "21": 31.38470965295043,
      "22": 42.05948168962618,
      "100": 12.298373876248844
    },
    "71": {
      "22": 40.718546143004666,
      "23": 44.294469180700204,
      "47": 11.313708498984761
    },
    "73": {
      "29": 11.045361017187261,
      "90": 13,
      "91": 14.317821063276353
    },
    "74": {
      "12": 48.93107397145499,
      "30": 12.649110640673518,
      "58": 17.08800749063506
    },
    "75": {
      "12": 57.716981903075975,
      "76": 20
    },
    "76": {
      "75": 20,
      "78": 20.615528128088304
    },
    "77": {
      "78": 14.560219778561036,
      "79": 18.788294228055936
    },
    "78": {
      "33": 27.313000567495326,
      "76": 20.615528128088304,
      "77": 14.560219778561036
    },
    "79": {
      "13": 53.48831648126533,
      "77": 18.788294228055936
    },
    "80": {
      "23": 40.311288741492746,
      "24": 20.615528128088304,
      "52": 14.422205101855956
    },
    "81": {
      "7": 100.016248679902,
      "49": 34.17601498127012,
      "88": 5.385164807134504
    },
    "82": {
      "40": 7.0710678118654755,
      "83": 86.97700845625813
    },
    "83": {
      "39": 25.495097567963924,
      "41": 20.396078054371138,
      "82": 86.97700845625813,
      "93": 2,
      "95": 14.317821063276353
    },
    "84": {
      "51": 29.154759474226502,
      "67": 11.180339887498949,
      "68": 43.829214001622255
    },
    "85": {
      "50": 33.52610922848042,
      "86": 29.546573405388315,
      "87": 6.324555320336759
    },
    "86": {
      "9": 55.9128786595718,
      "66": 29.154759474226502,
      "85": 29.546573405388315
    },
    "87": {
      "8": 37.51333096380539,
      "50": 34,
      "85": 6.324555320336759
    },
    "88": {
      "8": 34.35476677260377,
      "49": 34.713109915419565,
      "81": 5.385164807134504
    },
    "89": {
      "10": 68.30995535059293,
      "57": 125.63439019631528
    },
    "90": {
      "10": 54.12254613375095,
      "73": 13
    },
    "91": {
      "11": 44.746508243660756,
      "73": 14.317821063276353
    },
    "92": {
      "34": 66.21933252457322,