{
  "connections": {
    "1": {
      "2": 101.77057531526488
    },
    "2": {
      "1": 101.77057531526488,
      "33": 10.965856099730654,
      "37": 100.2845950283492
    },
   "3": {
      "37": 12
    },
    "4": {
      "5": 11.045361017187261
    },
    "5": {
      "4": 11.045361017187261,
      "38": 244.36448187083164,
      "39": 99.46356116689167
    },
    "6": {
      "54": 12.649110640673518
    },
    "7": {
      "40": 19.235384061671343
    },
    "8": {
      "43": 19.4164878389476
    },
    "9": {
      "10": 96.15092303249095,
      "41": 29.546573405388315
    },
    "10": {
      "9": 96.15092303249095,
      "42": 27.85677655436824
    },
    "11": {
      "42": 72.2357252334328
    },
    "12": {
      "45": 30.4138126514911
    },
    "13": {
      "62": 15
    },
    "14": {
      "46": 30.265491900843113
    },
    "15": {
      "47": 19.697715603592208
    },
    "16": {
      "48": 16.1245154965971
    },
    "17": {
      "49": 17.46424919657298
    },
    "18": {
      "50": 11.704699910719626
    },
    "19": {
      "52": 11.313708498984761
    },
    "20": {
      "21": 117.38824472663352,
      "22": 141.22322755127783,
      "23": 92.66067126888301,
      "38": 183.412104289766
    },
    "21": {
      "20": 117.38824472663352,
      "22": 81.70679286326198,
      "23": 141.76741515595182,
      "61": 34.17601498127012,
      "68": 34.713109915419565
    },
    "22": {
      "20": 141.22322755127783,
      "21": 81.70679286326198,
      "23": 106.06601717798213,
      "65": 33.52610922848042,
      "67": 34
    },
    "23": {
      "20": 92.66067126888301,
      "21": 141.76741515595182,
      "22": 106.06601717798213,
      "64": 29.154759474226502
    },
    "24": {
      "60": 14.422205101855956
    },
    "25": {
      "35": 104.83916253003932
    },
    "26": {
      "43": 35.4682957019364
    },
    "27": {
      "28": 84.15461959987698,
      "42": 31.622776601683793
    },
    "28": {
      "27": 84.15461959987698,
      "63": 25.495097567963924
    },
    "29": {
      "63": 20.396078054371138
    },
    "30": {
      "63": 52.28049349422785
    },
    "31": {
      "36": 22.610838109190027,
      "38": 61.39421796879573
    },
    "32": {
      "36": 21.360009363293827
    },
    "33": {
      "2": 10.965856099730654,
      "35": 15.041608956491324
    },
    "34": {
      "51": 12.298373876248844
    },
    "35": {
      "25": 104.83916253003932,
      "33": 15.041608956491324,
      "36": 59.43904440685432
    },
    "36": {
      "31": 22.610838109190027,
      "32": 21.360009363293827,
      "35": 59.43904440685432,
      "38": 81.46778504415104,
      "60": 41.23105625617661
    },
    "37": {
      "2": 100.2845950283492,
      "3": 12,
      "38": 35.84689665786984

    },
    "38": {
      "5": 244.36448187083164,
      "20": 183.412104289766,
      "31": 61.39421796879573,
      "36": 81.46778504415104,
      "37": 35.84689665786984
    },
    "39": {
      "5": 99.46356116689167,
      "54": 17.08800749063506,
      "61": 201.357890334598
    },
    "40": {
      "7": 19.235384061671343,
      "41": 49.9799959983992,
      "59": 98.79271228182775
    },
    "41": {
      "9": 29.546573405388315,
      "40": 49.9799959983992,
      "43": 25.079872407968907,
      "44": 83.23460818673925
    },
    "42": {
      "10": 27.85677655436824,
      "11": 72.2357252334328,
      "27": 31.622776601683793,
      "44": 121.6552506059644
    },
    "43": {
      "8": 19.4164878389476,
      "26": 35.4682957019364,
      "41": 25.079872407968907
    },
    "44": {
      "41": 83.23460818673925,
      "42": 121.6552506059644,
      "45": 84.11896337925236,
      "46": 97.67292357659824
    },
    "45": {
      "12": 30.4138126514911,
      "44": 84.11896337925236,
      "46": 40.792156108742276,
      "62": 85.05292469985967

    },
    "46": {
      "14": 30.265491900843113,
      "44": 97.67292357659824,
      "45": 40.792156108742276,
      "47": 56.36488268416781
    },
    "47": {
      "15": 19.697715603592208,
      "46": 56.36488268416781,
      "66": 29.154759474226502
    },
    "48": {
      "16": 16.1245154965971,
      "64": 11.180339887498949,
      "66": 129.25169244539896
    },
    "49": {
      "17": 17.46424919657298,
      "50": 102.7861858422619,
      "64": 43.829214001622255
    },
    "50": {
      "18": 11.704699910719626,
      "49": 102.7861858422619,
      "51": 64.25729530566937
    },
    "51": {
      "34": 12.298373876248844,
      "50": 64.25729530566937,
      "52": 82.73451516749222
    },
    "52": {
      "19": 11.313708498984761,
      "51": 82.73451516749222,
      "60": 84.59905436823747
    },
    "54": {
      "6": 12.649110640673518,
      "39": 17.08800749063506,
      "55": 106.6255128944288
    },
    "55": {
      "54": 106.6255128944288,
      "56": 20
    },
    "56": {
      "55": 20,
      "58": 20.615528128088304
    },
    "57": {
      "58": 14.560219778561036,
      "59": 18.788294228055936
    },
    "58": {
      "56": 20.615528128088304,
      "57": 14.560219778561036,
      "69": 27.313000567495326
    },
    "59": {
      "40": 98.79271228182775,
      "57": 18.788294228055936
    },
    "60": {
      "24": 14.422205101855956,
      "36": 41.23105625617661,
      "52": 84.59905436823747
    },
    "61": {
      "21": 34.17601498127012,
      "39": 201.357890334598,
      "68": 5.385164807134504
    },
    "62": {
      "13": 15,
      "45": 85.05292469985967,
      "63": 90.52071586106685
    },
    "63": {
      "28": 25.495097567963924,
      "29": 20.396078054371138,
      "30": 52.28049349422785,
      "62": 90.52071586106685
    },
    "64": {
      "23": 29.154759474226502,
      "48": 11.180339887498949,
      "49": 43.829214001622255
    },
    "65": {
      "22": 33.52610922848042,
      "66": 29.546573405388315,
      "67": 6.324555320336759
    },
    "66": {
      "47": 29.154759474226502,
      "48": 129.25169244539896,
      "65": 29.546573405388315
    },
    "67": {
      "22": 34,
      "65": 6.324555320336759,
      "68": 71.8679344353238
    },
    "68": {
      "21": 34.713109915419565,
      "61": 5.385164807134504,
      "67": 71.8679344353238
    },
    "69": {
      "58": 27.313000567495326
    }
  }
}