{
  "nodes": {
    "sp_exit_1": {"id": "sp_exit_1", "x": 239.976, "y": 446.584},
    "sp_f1_int_1": {"id": "sp_f1_int_1", "x": 239.976, "y": 371.62},
    "sp_f1_int_2": {"id": "sp_f1_int_2", "x": 299.399, "y": 369.792},
    "sp_f1_int_3": {"id": "sp_f1_int_3", "x": 301.938, "y": 270.298},
    "sp_f1_int_4": {"id": "sp_f1_int_4", "x": 335.052, "y": 269.23},
    "sp_f1_int_5": {"id": "sp_f1_int_5", "x": 183.296, "y": 371.62},
    "sp_f1_int_6": {"id": "sp_f1_int_6", "x": 183.296, "y": 270.145},
    "sp_f1_int_7": {"id": "sp_f1_int_7", "x": 146.728, "y": 269.23},
    "sp_f1_int_8": {"id": "sp_f1_int_8", "x": 100.104, "y": 242.719},
    "sp_f1_int_9": {"id": "sp_f1_int_9", "x": 100.104, "y": 446.584},
    "sp_f1_int_10": {"id": "sp_f1_int_10", "x": 380.762, "y": 446.584},
    "sp_f1_int_11": {"id": "sp_f1_int_11", "x": 380.762, "y": 428.3},
    "sp_f1_int_12": {"id": "sp_f1_int_12", "x": 380.762, "y": 269.23},
    "sp_f1_int_13": {"id": "sp_f1_int_13", "x": 99.1902, "y": 270.145},
    "sp_f1_room_resource": {"id": "sp_f1_room_resource", "x": 215.293, "y": 428.3},
    "sp_f1_room_sports_faculty": {"id": "sp_f1_room_sports_faculty", "x": 265.574, "y": 428.3},
    "sp_f1_room_gbm": {"id": "sp_f1_room_gbm", "x": 368.878, "y": 428.3},
    "sp_f1_room_property": {"id": "sp_f1_room_property", "x": 111.989, "y": 242.719},
    "sp_f1_cr_female_A": {"id": "sp_f1_cr_female_A", "x": 335.052, "y": 256.432},
    "sp_f1_cr_male_A": {"id": "sp_f1_cr_male_A", "x": 335.052, "y": 282.029},
    "sp_f1_cr_female_B": {"id": "sp_f1_cr_female_B", "x": 146.728, "y": 256.432},
    "sp_f1_cr_male_B": {"id": "sp_f1_cr_male_B", "x": 146.728, "y": 282.029}
  },
  "connections": {
    "sp_exit_1": {"sp_f1_int_1": 74.964, "sp_f1_room_resource": 30.717342739892057, "sp_f1_room_sports_faculty": 31.457308530769133, "sp_f1_int_10": 140.786, "sp_f1_int_9": 139.872},
    "sp_f1_int_1": {"sp_exit_1": 74.964, "sp_f1_int_2": 59.451110275586956, "sp_f1_int_5": 56.68000000000001},
    "sp_f1_room_resource": {"sp_exit_1": 30.717342739892057},
    "sp_f1_room_sports_faculty": {"sp_exit_1": 31.457308530769133},
    "sp_f1_int_2": {"sp_f1_int_1": 59.451110275586956, "sp_f1_int_3": 99.52639125880127},
    "sp_f1_int_3": {"sp_f1_int_2": 99.52639125880127, "sp_f1_int_4": 33.1312182088133},
    "sp_f1_int_4": {"sp_f1_int_3": 33.1312182088133, "sp_f1_cr_male_A": 12.798999999999978, "sp_f1_int_12": 45.70999999999998},
    "sp_f1_cr_male_A": {"sp_f1_int_4": 12.798999999999978},
    "sp_f1_int_12": {"sp_f1_int_4": 45.70999999999998, "sp_f1_int_11": 159.07},
    "sp_f1_int_11": {"sp_f1_int_12": 159.07, "sp_f1_room_gbm": 11.884000000000015, "sp_f1_int_10": 18.283999999999992},
    "sp_f1_room_gbm": {"sp_f1_int_11": 11.884000000000015},
    "sp_f1_int_10": {"sp_exit_1": 140.786, "sp_f1_int_11": 18.283999999999992},
    "sp_f1_int_9": {"sp_exit_1": 139.872, "sp_f1_int_13": 176.44136632728734},
    "sp_f1_int_5": {"sp_f1_int_1": 56.68000000000001, "sp_f1_int_6": 101.47500000000002},
    "sp_f1_int_6": {"sp_f1_int_5": 101.47500000000002, "sp_f1_int_7": 36.57944571750642},
    "sp_f1_int_7": {"sp_f1_int_6": 36.57944571750642, "sp_f1_cr_male_B": 12.798999999999978, "sp_f1_cr_female_B": 12.798000000000002, "sp_f1_int_13": 47.54660507165575},
    "sp_f1_cr_male_B": {"sp_f1_int_7": 12.798999999999978},
    "sp_f1_cr_female_B": {"sp_f1_int_7": 12.798000000000002},
    "sp_f1_int_13": {"sp_f1_int_7": 47.54660507165575, "sp_f1_int_8": 27.441219113588946, "sp_f1_int_9": 176.44136632728734},
    "sp_f1_int_8": {"sp_f1_int_13": 27.441219113588946, "sp_f1_room_property": 11.885000000000005},
    "sp_f1_room_property": {"sp_f1_int_8": 11.885000000000005}
  }
}